<Configuration>
	<appender name="STDOUT"
		class="ch.qos.logback.core.ConsoleAppender">
		<encoder
			class="ch.qos.logback.core.encoder.LayoutWrappingEncoder">
			<layout
				class="com.example.springbootmaskingdemo.utility.PatternMaskingLayout">
				<maskPattern>creditCard=\d+</maskPattern> <!-- SourcePan pattern -->
				<maskPattern>(\w*password([^\s+]*)"?\s?[(:?)|(=?)])([^\s]*)</maskPattern>
				<!-- <pattern>%d{dd/MM/yyyy HH:mm:ss.SSS} [%thread] %-5level %logger{36}
					- %msg%n%ex</pattern> -->
					<pattern>%msg%n%ex</pattern>
			</layout>
		</encoder>
	</appender>

	<!-- <appender name="fileAppender1"
		class="ch.qos.logback.core.FileAppender">
		<file>c:/logs/abc.log</file>
		<append>true</append>
		<encoder
			class="ch.qos.logback.core.encoder.LayoutWrappingEncoder">
			<layout
				class="com.gainjavaknowledge.springbootdemotutorial.utility.PatternMaskingLayout">
				<maskPattern>creditCard=\d+</maskPattern> SourcePan pattern
				<maskPattern>password=\w+</maskPattern>
				<pattern>%d{dd/MM/yyyy HH:mm:ss.SSS} [%thread] %-5level %logger{36}
					- %msg%n%ex</pattern>
			</layout>
		</encoder>
	</appender>
	<root level="DEBUG">
		<appender-ref ref="fileAppender1" />
	</root> -->
	
	<root level="INFO">
		<appender-ref ref="STDOUT" />
	</root>
	
</Configuration>